timestamp,weight,scale_drop,vernier_drop
2025-10-06 22:33:04.856414795,-0.004,0.0,
2025-10-06 22:33:05.270134687,-0.004,0.0,
2025-10-06 22:33:05.676478148,-0.003,0.0,
2025-10-06 22:33:06.080332756,0.0,0.0,
2025-10-06 22:33:06.497334480,0.002,0.0,
2025-10-06 22:33:06.903152227,0.002,0.0,
2025-10-06 22:33:07.458335400,,,1.0
2025-10-06 22:33:07.309335709,0.001,0.0,
2025-10-06 22:33:07.716641188,0.001,0.0,
2025-10-06 22:33:08.106131554,,,2.0
2025-10-06 22:33:08.120012760,0.005,0.0,
2025-10-06 22:33:08.706331491,,,3.0
2025-10-06 22:33:08.521989583,0.01,0.0,
2025-10-06 22:33:08.925437212,0.014,0.0,
2025-10-06 22:33:09.356406212,,,4.0
2025-10-06 22:33:09.327660561,0.021,0.0,
2025-10-06 22:33:09.916333914,,,5.0
2025-10-06 22:33:09.734260321,0.028,0.0,
2025-10-06 22:33:10.136902094,0.031,0.0,
2025-10-06 22:33:10.555909634,,,6.0
2025-10-06 22:33:10.554909229,0.035,0.0,
2025-10-06 22:33:11.126338482,,,7.0
2025-10-06 22:33:10.961672783,0.04,0.0,
2025-10-06 22:33:11.365580797,0.046,0.0,
2025-10-06 22:33:11.746404409,,,8.0
2025-10-06 22:33:11.769580603,0.052,0.0,
2025-10-06 22:33:12.336338758,,,9.0
2025-10-06 22:33:12.173468828,0.058,0.0,
2025-10-06 22:33:12.578297138,0.063,0.0,
2025-10-06 22:33:12.936339855,,,10.0
2025-10-06 22:33:12.982007742,0.071,0.0,
2025-10-06 22:33:13.556340694,,,11.0
2025-10-06 22:33:13.386312246,0.077,0.0,
2025-10-06 22:33:13.790776491,0.081,0.0,
2025-10-06 22:33:14.146407843,,,12.0
2025-10-06 22:33:14.196472645,0.086,0.0,
2025-10-06 22:33:14.786263704,,,13.0
2025-10-06 22:33:14.599605799,0.094,0.0,
2025-10-06 22:33:15.004591703,0.099,0.0,
2025-10-06 22:33:15.345986128,,,14.0
2025-10-06 22:33:15.408233166,0.105,0.0,
2025-10-06 22:33:15.986306906,,,15.0
2025-10-06 22:33:15.814471483,0.113,0.0,
2025-10-06 22:33:16.219984055,0.118,0.0,
2025-10-06 22:33:16.516302108,,,16.0
2025-10-06 22:33:16.625471592,0.122,0.0,
2025-10-06 22:33:17.166347980,,,17.0
2025-10-06 22:33:17.031472206,0.128,0.0,
2025-10-06 22:33:17.439630508,0.132,0.0,
2025-10-06 22:33:17.696348667,,,18.0
2025-10-06 22:33:17.845481157,0.138,0.0,
2025-10-06 22:33:18.346482038,,,19.0
2025-10-06 22:33:18.250991821,0.146,0.0,
2025-10-06 22:33:18.658029795,0.151,0.0,
2025-10-06 22:33:18.876351595,,,20.0
2025-10-06 22:33:19.063488245,0.155,0.0,
2025-10-06 22:33:19.526352644,,,21.0
2025-10-06 22:33:19.465989351,0.161,0.0,
2025-10-06 22:33:20.056353807,,,22.0
2025-10-06 22:33:19.872985840,0.166,0.0,
2025-10-06 22:33:20.279510260,0.172,0.0,
2025-10-06 22:33:20.705993652,,,23.0
2025-10-06 22:33:20.685988188,0.181,0.0,
2025-10-06 22:33:21.236451864,,,24.0
2025-10-06 22:33:21.092469692,0.188,0.0,
2025-10-06 22:33:21.498993397,0.194,0.0,
2025-10-06 22:33:21.886441231,,,25.0
2025-10-06 22:33:21.904107809,0.201,0.0,
2025-10-06 22:33:22.416647911,,,26.0
2025-10-06 22:33:22.320741177,0.206,0.0,
2025-10-06 22:33:22.724481106,0.212,0.0,
2025-10-06 22:33:23.065083504,,,27.0
2025-10-06 22:33:23.129994154,0.218,0.0,
2025-10-06 22:33:23.624991894,,,28.0
2025-10-06 22:33:23.533470631,0.225,0.0,
2025-10-06 22:33:23.941994905,0.229,0.0,
2025-10-06 22:33:24.275364399,,,29.0
2025-10-06 22:33:24.359939337,0.235,0.0,
2025-10-06 22:33:24.825072527,,,30.0
2025-10-06 22:33:24.763991594,0.242,0.0,
2025-10-06 22:33:25.167609453,0.249,0.0,
2025-10-06 22:33:25.465729475,,,31.0
2025-10-06 22:33:25.571906090,0.256,0.0,
2025-10-06 22:33:26.026110888,,,32.0
2025-10-06 22:33:25.975898266,0.264,0.0,
2025-10-06 22:33:26.380166054,0.269,0.0,
2025-10-06 22:33:26.636161089,,,33.0
2025-10-06 22:33:26.785608530,0.274,0.0,
2025-10-06 22:33:27.245871544,,,34.0
2025-10-06 22:33:27.193470240,0.28,0.0,
2025-10-06 22:33:27.599981070,0.284,0.0,
2025-10-06 22:33:27.846369028,,,35.0
2025-10-06 22:33:28.008984327,0.288,0.0,
2025-10-06 22:33:28.466370344,,,36.0
2025-10-06 22:33:28.413468838,0.296,0.0,
2025-10-06 22:33:28.818621874,0.303,0.0,
2025-10-06 22:33:29.046372175,,,37.0
2025-10-06 22:33:29.223470688,0.31,0.0,
2025-10-06 22:33:29.676482916,,,38.0
2025-10-06 22:33:29.632254124,0.317,0.0,
2025-10-06 22:33:30.226374149,,,39.0
2025-10-06 22:33:30.049011707,0.323,0.0,
2025-10-06 22:33:30.452293158,0.328,0.0,
2025-10-06 22:33:30.866375446,,,40.0
2025-10-06 22:33:30.856985331,0.335,0.0,
2025-10-06 22:33:31.406440973,,,41.0
2025-10-06 22:33:31.261153935,0.339,0.0,
2025-10-06 22:33:31.663953304,0.345,0.0,
2025-10-06 22:33:32.046458006,,,42.0
2025-10-06 22:33:32.067797184,0.352,0.0,
2025-10-06 22:33:32.576378345,,,43.0
2025-10-06 22:33:32.470400572,0.357,0.0,
2025-10-06 22:33:32.875481129,0.362,0.0,
2025-10-06 22:33:33.225263357,,,44.0
2025-10-06 22:33:33.278627396,0.368,0.0,
2025-10-06 22:33:33.756381035,,,45.0
2025-10-06 22:33:33.682321310,0.374,0.0,
2025-10-06 22:33:34.088632345,0.378,0.0,
2025-10-06 22:33:34.405163050,,,46.0
2025-10-06 22:33:34.505994558,0.387,0.0,
2025-10-06 22:33:34.935484886,,,47.0
2025-10-06 22:33:34.910972595,0.393,0.0,
2025-10-06 22:33:35.319114447,0.399,0.0,
2025-10-06 22:33:35.585116386,,,48.0
2025-10-06 22:33:35.728170156,0.404,0.0,
2025-10-06 22:33:36.105167866,,,49.0
2025-10-06 22:33:36.139171362,0.409,0.0,
2025-10-06 22:33:36.755683184,,,50.0
2025-10-06 22:33:36.552611589,0.416,0.0,
2025-10-06 22:33:36.963478088,0.421,0.0,
2025-10-06 22:33:37.286129713,,,51.0
2025-10-06 22:33:37.366472244,0.429,0.0,
2025-10-06 22:33:37.925115347,,,52.0
2025-10-06 22:33:37.769968033,0.436,0.0,
2025-10-06 22:33:38.181984663,0.442,0.0,
2025-10-06 22:33:38.485324860,,,53.0
2025-10-06 22:33:38.590580225,0.447,0.0,
2025-10-06 22:33:39.105092764,,,54.0
2025-10-06 22:33:38.995822668,0.455,0.0,
2025-10-06 22:33:39.416691780,0.46,0.0,
2025-10-06 22:33:39.695470095,,,55.0
2025-10-06 22:33:39.821195841,0.465,0.0,
2025-10-06 22:33:40.284983873,,,56.0
2025-10-06 22:33:40.227652073,0.473,0.0,
2025-10-06 22:33:40.633450985,0.478,0.0,
2025-10-06 22:33:40.915475368,,,57.0
2025-10-06 22:33:41.035478830,0.484,0.0,
2025-10-06 22:33:41.525688410,,,58.0
2025-10-06 22:33:41.438682556,0.49,0.0,
2025-10-06 22:33:41.847807884,0.494,0.0,
2025-10-06 22:33:42.155452013,,,59.0
2025-10-06 22:33:42.250095606,0.501,0.0,
2025-10-06 22:33:42.744988441,,,60.0
2025-10-06 22:33:42.653991938,0.507,0.0,
2025-10-06 22:33:43.061574459,0.512,0.0,
2025-10-06 22:33:43.375402451,,,61.0
2025-10-06 22:33:43.465983391,0.518,0.0,
2025-10-06 22:33:43.944987297,,,62.0
2025-10-06 22:33:43.869992256,0.524,0.0,
2025-10-06 22:33:44.277457476,0.529,0.0,
2025-10-06 22:33:44.575404406,,,63.0
2025-10-06 22:33:44.682988882,0.535,0.0,
2025-10-06 22:33:45.105327129,,,64.0
2025-10-06 22:33:45.090004921,0.54,0.0,
2025-10-06 22:33:45.494479895,0.545,0.0,
2025-10-06 22:33:45.745470762,,,65.0
2025-10-06 22:33:45.912267685,0.549,0.0,
2025-10-06 22:33:46.275407553,,,66.0
2025-10-06 22:33:46.316476345,0.553,0.0,
2025-10-06 22:33:46.925407887,,,67.0
2025-10-06 22:33:46.723470449,0.559,0.0,
2025-10-06 22:33:47.128983021,0.564,0.0,
2025-10-06 22:33:47.455490112,,,68.0
2025-10-06 22:33:47.536669731,0.57,0.0,
2025-10-06 22:33:48.104922533,,,69.0
2025-10-06 22:33:47.939477444,0.579,0.0,
2025-10-06 22:33:48.344474554,0.584,0.0,
2025-10-06 22:33:48.635412693,,,70.0
2025-10-06 22:33:48.751327515,0.591,0.0,
2025-10-06 22:33:49.285413027,,,71.0
2025-10-06 22:33:49.157089233,0.598,0.0,
2025-10-06 22:33:49.574655294,0.602,0.0,
2025-10-06 22:33:49.805474997,,,72.0
2025-10-06 22:33:49.978989840,0.609,0.0,
2025-10-06 22:33:50.455493212,,,73.0
2025-10-06 22:33:50.397344112,0.618,0.0,
2025-10-06 22:33:50.985324860,,,74.0
2025-10-06 22:33:50.803991795,0.621,0.0,
2025-10-06 22:33:51.221457005,0.626,0.0,
2025-10-06 22:33:51.624995470,,,75.0
2025-10-06 22:33:51.623995066,0.636,0.0,
2025-10-06 22:33:52.175495386,,,76.0
2025-10-06 22:33:52.030550241,0.641,0.0,
2025-10-06 22:33:52.435088396,0.645,0.0,
2025-10-06 22:33:52.805419445,,,77.0
2025-10-06 22:33:52.839648962,0.652,0.0,
2025-10-06 22:33:53.375421524,,,78.0
2025-10-06 22:33:53.246102333,0.66,0.0,
2025-10-06 22:33:53.649844408,0.664,0.0,
2025-10-06 22:33:53.985273123,,,79.0
2025-10-06 22:33:54.052996874,0.67,0.0,
2025-10-06 22:33:54.595423698,,,80.0
2025-10-06 22:33:54.462465525,0.676,0.0,
2025-10-06 22:33:54.865972281,0.682,0.0,
2025-10-06 22:33:55.185651779,,,81.0
2025-10-06 22:33:55.276765585,0.69,0.0,
2025-10-06 22:33:55.815251827,,,82.0
2025-10-06 22:33:55.682383299,0.698,0.0,
2025-10-06 22:33:56.088215351,0.701,0.0,
2025-10-06 22:33:56.384994984,,,83.0
2025-10-06 22:33:56.491583347,0.707,0.0,
2025-10-06 22:33:57.015428782,,,84.0
2025-10-06 22:33:56.893585682,0.715,0.0,
2025-10-06 22:33:57.298239708,0.719,0.0,
2025-10-06 22:33:57.554762602,,,85.0
2025-10-06 22:33:57.705986977,0.725,0.0,
2025-10-06 22:33:58.205668211,,,86.0
2025-10-06 22:33:58.111997366,0.732,0.0,
2025-10-06 22:33:58.517734288,0.735,0.0,
2025-10-06 22:33:58.775432110,,,87.0
2025-10-06 22:33:58.922806978,0.74,0.0,
2025-10-06 22:33:59.415433645,,,88.0
2025-10-06 22:33:59.329410315,0.747,0.0,
2025-10-06 22:33:59.736068964,0.751,0.0,
2025-10-06 22:33:59.965433359,,,89.0
2025-10-06 22:34:00.142222881,0.757,0.0,
2025-10-06 22:34:00.615435839,,,90.0
2025-10-06 22:34:00.547479630,0.765,0.0,
2025-10-06 22:34:01.144948959,,,91.0
2025-10-06 22:34:00.953145504,0.771,0.0,
2025-10-06 22:34:01.356542826,0.775,0.0,
2025-10-06 22:34:01.795438528,,,92.0
2025-10-06 22:34:01.762464285,0.782,0.0,
2025-10-06 22:34:02.325481415,,,93.0
2025-10-06 22:34:02.170050144,0.787,0.0,
2025-10-06 22:34:02.586016417,0.793,0.0,
2025-10-06 22:34:02.975440502,,,94.0
2025-10-06 22:34:02.989699125,0.8,0.0,
2025-10-06 22:34:03.495441437,,,95.0
2025-10-06 22:34:03.391954899,0.807,0.0,
2025-10-06 22:34:03.799961805,0.812,0.0,
2025-10-06 22:34:04.145441532,,,96.0
2025-10-06 22:34:04.203031540,0.82,0.0,
2025-10-06 22:34:04.675444365,,,97.0
2025-10-06 22:34:04.608475447,0.827,0.0,
2025-10-06 22:34:05.017517805,0.832,0.0,
2025-10-06 22:34:05.315445423,,,98.0
2025-10-06 22:34:05.421336889,0.839,0.0,
2025-10-06 22:34:05.855478287,,,99.0
2025-10-06 22:34:05.827472687,0.846,0.0,
2025-10-06 22:34:06.233473539,0.85,0.0,
2025-10-06 22:34:06.495471716,,,100.0
2025-10-06 22:34:06.664982080,0.856,0.0,
2025-10-06 22:34:07.055514574,,,101.0
2025-10-06 22:34:07.071760654,0.864,0.0,
2025-10-06 22:34:07.665459633,,,102.0
2025-10-06 22:34:07.481992722,0.87,0.0,
2025-10-06 22:34:07.889406919,0.875,0.0,
2025-10-06 22:34:08.265349865,,,103.0
2025-10-06 22:34:08.299351692,0.881,0.0,
2025-10-06 22:34:08.855627775,,,104.0
2025-10-06 22:34:08.712961435,0.887,0.0,
2025-10-06 22:34:09.120002747,0.892,0.0,
2025-10-06 22:34:09.485451937,,,105.0
2025-10-06 22:34:09.524605750,0.898,0.0,
2025-10-06 22:34:10.055581093,,,106.0
2025-10-06 22:34:09.932475805,0.906,0.0,
2025-10-06 22:34:10.343874931,0.908,0.0,
2025-10-06 22:34:10.695455790,,,107.0
2025-10-06 22:34:10.751373529,0.913,0.0,
2025-10-06 22:34:11.235264063,,,108.0
2025-10-06 22:34:11.156859875,0.92,0.0,
2025-10-06 22:34:11.559982777,0.924,0.0,
2025-10-06 22:34:11.875458002,,,109.0
2025-10-06 22:34:11.964009285,0.93,0.0,
2025-10-06 22:34:12.415459394,,,110.0
2025-10-06 22:34:12.367800236,0.937,0.0,
2025-10-06 22:34:12.771945953,0.941,0.0,
2025-10-06 22:34:13.064984798,,,111.0
2025-10-06 22:34:13.175001383,0.946,0.0,
2025-10-06 22:34:13.595646620,,,112.0
2025-10-06 22:34:13.579777479,0.952,0.0,
2025-10-06 22:34:13.985821486,0.961,0.0,
2025-10-06 22:34:14.245461464,,,113.0
2025-10-06 22:34:14.401989460,0.968,0.0,
2025-10-06 22:34:14.774748087,,,114.0
2025-10-06 22:34:14.806896687,0.972,0.0,
2025-10-06 22:34:15.210991621,0.979,0.0,
2025-10-06 22:34:15.425538063,,,115.0
2025-10-06 22:34:15.617357969,0.985,0.0,
2025-10-06 22:34:15.955466509,,,116.0
2025-10-06 22:34:16.021905422,0.991,0.0,
2025-10-06 22:34:16.605466127,,,117.0
2025-10-06 22:34:16.423472404,0.998,0.0,
2025-10-06 22:34:16.828788280,1.004,0.0,
2025-10-06 22:34:17.155467987,,,118.0
2025-10-06 22:34:17.247156143,1.01,0.0,
2025-10-06 22:34:17.805468321,,,119.0
2025-10-06 22:34:17.652485847,1.017,0.0,
2025-10-06 22:34:18.059987307,1.021,0.0,
2025-10-06 22:34:18.355232954,,,120.0
2025-10-06 22:34:18.465112686,1.026,0.0,
2025-10-06 22:34:18.995471954,,,121.0
2025-10-06 22:34:18.882015467,1.034,0.0,
2025-10-06 22:34:19.289985418,1.037,0.0,
2025-10-06 22:34:19.585381985,,,122.0
2025-10-06 22:34:19.693470240,1.045,0.0,
2025-10-06 22:34:20.234885693,,,123.0
2025-10-06 22:34:20.100188732,1.053,0.0,
2025-10-06 22:34:20.517393827,1.056,0.0,
2025-10-06 22:34:20.805474520,,,124.0
2025-10-06 22:34:20.922987700,1.061,0.0,
2025-10-06 22:34:21.445177794,,,125.0
2025-10-06 22:34:21.327630043,1.068,0.0,
2025-10-06 22:34:21.734498501,1.073,0.0,
2025-10-06 22:34:22.015601397,,,126.0
2025-10-06 22:34:22.137996197,1.079,0.0,
2025-10-06 22:34:22.645478249,,,127.0
2025-10-06 22:34:22.541828871,1.086,0.0,
2025-10-06 22:34:22.951784134,1.089,0.0,
2025-10-06 22:34:23.225259542,,,128.0
2025-10-06 22:34:23.355926514,1.102,0.0,
2025-10-06 22:34:23.845480204,,,129.0
2025-10-06 22:34:23.759219646,1.107,0.0,
2025-10-06 22:34:24.166472673,1.112,0.0,
2025-10-06 22:34:24.445292950,,,130.0
2025-10-06 22:34:24.571030617,1.117,0.0,
2025-10-06 22:34:25.055562973,,,131.0
2025-10-06 22:34:24.976911068,1.122,0.0,
2025-10-06 22:34:25.382469893,1.126,0.0,
2025-10-06 22:34:25.674765825,,,132.0
2025-10-06 22:34:25.786458015,1.131,0.0,
2025-10-06 22:34:26.264987945,,,133.0
2025-10-06 22:34:26.202996492,1.136,0.0,
2025-10-06 22:34:26.609918833,1.14,0.0,
2025-10-06 22:34:26.895487785,,,134.0
2025-10-06 22:34:27.014122009,1.147,0.0,
2025-10-06 22:34:27.475489140,,,135.0
2025-10-06 22:34:27.416261911,1.155,0.0,
2025-10-06 22:34:27.834475517,1.16,0.0,
2025-10-06 22:34:28.115489960,,,136.0
2025-10-06 22:34:28.252988337,1.166,0.0,
2025-10-06 22:34:28.675274849,,,137.0
2025-10-06 22:34:28.661347866,1.173,0.0,
2025-10-06 22:34:29.065985441,1.179,0.0,
2025-10-06 22:34:29.315492153,,,138.0
2025-10-06 22:34:29.470197439,1.183,0.0,
2025-10-06 22:34:29.865475416,,,139.0
2025-10-06 22:34:29.878699541,1.189,0.0,
2025-10-06 22:34:30.283172369,1.194,0.0,
2025-10-06 22:34:30.504987717,,,140.0
2025-10-06 22:34:30.688891411,1.2,0.0,
2025-10-06 22:34:31.055099726,,,141.0
2025-10-06 22:34:31.091508150,1.206,0.0,
2025-10-06 22:34:31.492453814,1.229,0.0,
2025-10-06 22:34:31.704989195,,,142.0
2025-10-06 22:34:31.897987604,1.227,0.0,
2025-10-06 22:34:32.245496511,,,143.0
2025-10-06 22:34:32.302067280,1.23,0.0,
2025-10-06 22:34:32.895578861,,,144.0
2025-10-06 22:34:32.707471371,1.236,0.0,
2025-10-06 22:34:33.113513708,1.241,0.0,
2025-10-06 22:34:33.435495138,,,145.0
2025-10-06 22:34:33.520582914,1.248,0.0,
2025-10-06 22:34:34.085440874,,,146.0
2025-10-06 22:34:33.925619364,1.253,0.0,
2025-10-06 22:34:34.329986095,1.257,0.0,
2025-10-06 22:34:34.664839745,,,147.0
2025-10-06 22:34:34.733473778,1.261,0.0,
2025-10-06 22:34:35.315504074,,,148.0
2025-10-06 22:34:35.137726307,1.268,0.0,
2025-10-06 22:34:35.542449951,1.272,0.0,
2025-10-06 22:34:35.875581026,,,149.0
2025-10-06 22:34:35.946745157,1.28,0.0,
2025-10-06 22:34:36.525505303,,,150.0
2025-10-06 22:34:36.350737572,1.288,0.0,
2025-10-06 22:34:36.756854057,1.294,0.0,
2025-10-06 22:34:37.065061808,,,151.0
2025-10-06 22:34:37.161991596,1.301,0.0,
2025-10-06 22:34:37.715508938,,,152.0
2025-10-06 22:34:37.566596508,1.325,0.0,
2025-10-06 22:34:37.972153902,1.321,0.0,
2025-10-06 22:34:38.245508909,,,153.0
2025-10-06 22:34:38.375704527,1.321,0.0,
2025-10-06 22:34:38.895511150,,,154.0
2025-10-06 22:34:38.779537916,1.325,0.0,
2025-10-06 22:34:39.186946154,1.327,0.0,
2025-10-06 22:34:39.435470343,,,155.0
2025-10-06 22:34:39.592482328,1.331,0.0,
2025-10-06 22:34:40.085587025,,,156.0
2025-10-06 22:34:40.001575947,1.337,0.0,
2025-10-06 22:34:40.412558079,1.342,0.0,
2025-10-06 22:34:40.635558844,,,157.0
2025-10-06 22:34:40.824153900,1.347,0.0,
2025-10-06 22:34:41.255336045,,,158.0
2025-10-06 22:34:41.232415438,1.355,0.0,
2025-10-06 22:34:41.637217522,1.361,0.0,
2025-10-06 22:34:41.845470667,,,159.0
2025-10-06 22:34:42.046471357,1.365,0.0,
2025-10-06 22:34:42.445472479,,,160.0
2025-10-06 22:34:42.459471941,1.372,0.0,
2025-10-06 22:34:43.064985513,,,161.0
2025-10-06 22:34:42.865448952,1.377,0.0,
2025-10-06 22:34:43.270387411,1.382,0.0,
2025-10-06 22:34:43.645519257,,,162.0
2025-10-06 22:34:43.673470259,1.389,0.0,
2025-10-06 22:34:44.275103569,,,163.0
2025-10-06 22:34:44.077629805,1.396,0.0,
2025-10-06 22:34:44.482058764,1.399,0.0,
2025-10-06 22:34:44.845521450,,,164.0
2025-10-06 22:34:44.886474848,1.403,0.0,
2025-10-06 22:34:45.475524426,,,165.0
2025-10-06 22:34:45.291099548,1.409,0.0,
2025-10-06 22:34:45.697405338,1.415,0.0,
2025-10-06 22:34:46.015524864,,,166.0
2025-10-06 22:34:46.113477230,1.423,0.0,
2025-10-06 22:34:46.655526161,,,167.0
2025-10-06 22:34:46.517763376,1.431,0.0,
2025-10-06 22:34:46.922987461,1.434,0.0,
2025-10-06 22:34:47.185178995,,,168.0
2025-10-06 22:34:47.327993631,1.439,0.0,
2025-10-06 22:34:47.835529327,,,169.0
2025-10-06 22:34:47.731065512,1.446,0.0,
2025-10-06 22:34:48.137458324,1.452,0.0,
2025-10-06 22:34:48.365149021,,,170.0
2025-10-06 22:34:48.543471098,1.457,0.0,
2025-10-06 22:34:49.015531063,,,171.0
2025-10-06 22:34:48.947537422,1.465,0.0,
2025-10-06 22:34:49.544986486,,,172.0
2025-10-06 22:34:49.352023840,1.473,0.0,
2025-10-06 22:34:49.754949093,1.481,0.0,
2025-10-06 22:34:50.195533276,,,173.0
2025-10-06 22:34:50.159578085,1.487,0.0,
2025-10-06 22:34:50.715662003,,,174.0
2025-10-06 22:34:50.564472675,1.489,0.0,
2025-10-06 22:34:50.983468533,1.495,0.0,
2025-10-06 22:34:51.365534306,,,175.0
2025-10-06 22:34:51.386435509,1.503,0.0,
2025-10-06 22:34:51.935662031,,,176.0
2025-10-06 22:34:51.791974306,1.51,0.0,
2025-10-06 22:34:52.209991932,1.514,0.0,
2025-10-06 22:34:52.584796429,,,177.0
2025-10-06 22:34:52.613485336,1.521,0.0,
2025-10-06 22:34:53.135474682,,,178.0
2025-10-06 22:34:53.018995762,1.528,0.0,
2025-10-06 22:34:53.422465801,1.532,0.0,
2025-10-06 22:34:53.775540113,,,179.0
2025-10-06 22:34:53.829094648,1.538,0.0,
2025-10-06 22:34:54.325605154,,,180.0
2025-10-06 22:34:54.234471798,1.543,0.0,
2025-10-06 22:34:54.640618801,1.547,0.0,
2025-10-06 22:34:54.955014229,,,181.0
2025-10-06 22:34:55.044324160,1.553,0.0,
2025-10-06 22:34:55.524927139,,,182.0
2025-10-06 22:34:55.448952675,1.558,0.0,
2025-10-06 22:34:55.854314089,1.563,0.0,
2025-10-06 22:34:56.135350227,,,183.0
2025-10-06 22:34:56.260904074,1.568,0.0,
2025-10-06 22:34:56.745544910,,,184.0
2025-10-06 22:34:56.665995598,1.575,0.0,
2025-10-06 22:34:57.070524454,1.58,0.0,
2025-10-06 22:34:57.345546484,,,185.0
2025-10-06 22:34:57.475482464,1.587,0.0,
2025-10-06 22:34:57.965612173,,,186.0
2025-10-06 22:34:57.894644022,1.595,0.0,
2025-10-06 22:34:58.297988653,1.602,0.0,
2025-10-06 22:34:58.535467625,,,187.0
2025-10-06 22:34:58.703123569,1.609,0.0,
2025-10-06 22:34:59.165549517,,,188.0
2025-10-06 22:34:59.110116720,1.617,0.0,
2025-10-06 22:34:59.704982996,,,189.0
2025-10-06 22:34:59.512386083,1.621,0.0,
2025-10-06 22:34:59.930994034,1.625,0.0,
2025-10-06 22:35:00.344986200,,,190.0
2025-10-06 22:35:00.337465525,1.632,0.0,
2025-10-06 22:35:00.885496616,,,191.0
2025-10-06 22:35:00.743852139,1.636,0.0,
2025-10-06 22:35:01.147032022,1.64,0.0,
2025-10-06 22:35:01.525554419,,,192.0
2025-10-06 22:35:01.565034389,1.647,0.0,
2025-10-06 22:35:02.065556049,,,193.0
2025-10-06 22:35:01.971723557,1.654,0.0,
2025-10-06 22:35:02.378990173,1.659,0.0,
2025-10-06 22:35:02.715549469,,,194.0
2025-10-06 22:35:02.784905195,1.666,0.0,
2025-10-06 22:35:03.245558023,,,195.0
2025-10-06 22:35:03.187832117,1.672,0.0,
2025-10-06 22:35:03.596600771,1.678,0.0,
2025-10-06 22:35:03.895560503,,,196.0
2025-10-06 22:35:04.006456614,1.684,0.0,
2025-10-06 22:35:04.424982786,,,197.0
2025-10-06 22:35:04.409999132,1.69,0.0,
2025-10-06 22:35:04.815472603,1.696,0.0,
2025-10-06 22:35:05.075562954,,,198.0
2025-10-06 22:35:05.220135927,1.702,0.0,
2025-10-06 22:35:05.595643997,,,199.0
2025-10-06 22:35:05.624088049,1.71,0.0,
2025-10-06 22:35:06.026993990,1.717,0.0,
2025-10-06 22:35:06.245563984,,,200.0
2025-10-06 22:35:06.433491230,1.721,0.0,
2025-10-06 22:35:06.785028934,,,201.0
2025-10-06 22:35:06.840332747,1.727,0.0,
2025-10-06 22:35:07.415395737,,,202.0
2025-10-06 22:35:07.244439840,1.735,0.0,
2025-10-06 22:35:07.648649216,1.74,0.0,
2025-10-06 22:35:08.005567551,,,203.0
2025-10-06 22:35:08.054155350,1.747,0.0,
2025-10-06 22:35:08.645755291,,,204.0
2025-10-06 22:35:08.458003759,1.754,0.0,
2025-10-06 22:35:08.862460136,1.759,0.0,
2025-10-06 22:35:09.225260973,,,205.0
2025-10-06 22:35:09.267810583,1.765,0.0,
2025-10-06 22:35:09.845085144,,,206.0
2025-10-06 22:35:09.686522007,1.773,0.0,
2025-10-06 22:35:10.090476274,1.778,0.0,
2025-10-06 22:35:10.435221195,,,207.0
2025-10-06 22:35:10.497363806,1.783,0.0,
2025-10-06 22:35:11.025573492,,,208.0
2025-10-06 22:35:10.900054216,1.79,0.0,
2025-10-06 22:35:11.306991816,1.797,0.0,
2025-10-06 22:35:11.655678988,,,209.0
2025-10-06 22:35:11.713681459,1.803,0.0,
2025-10-06 22:35:12.235538483,,,210.0
2025-10-06 22:35:12.123682261,1.809,0.0,
2025-10-06 22:35:12.535540818,1.814,0.0,
2025-10-06 22:35:12.864878416,,,211.0
2025-10-06 22:35:12.943880796,1.82,0.0,
2025-10-06 22:35:13.415578842,,,212.0
2025-10-06 22:35:13.349317074,1.826,0.0,
2025-10-06 22:35:13.751678467,1.831,0.0,
2025-10-06 22:35:14.055059671,,,213.0
2025-10-06 22:35:14.161921740,1.84,0.0,
2025-10-06 22:35:14.595512390,,,214.0
2025-10-06 22:35:14.569179058,1.847,0.0,
2025-10-06 22:35:14.972464323,1.852,0.0,
2025-10-06 22:35:15.235262871,,,215.0
2025-10-06 22:35:15.391476393,1.855,0.0,
2025-10-06 22:35:15.765582561,,,216.0
2025-10-06 22:35:15.795535564,1.859,0.0,
2025-10-06 22:35:16.201995373,1.867,0.0,
2025-10-06 22:35:16.415585756,,,217.0
2025-10-06 22:35:16.605485916,1.875,0.0,
2025-10-06 22:35:16.945585012,,,218.0
2025-10-06 22:35:17.010047913,1.881,0.0,
2025-10-06 22:35:17.595587254,,,219.0
2025-10-06 22:35:17.413469076,1.889,0.0,
2025-10-06 22:35:17.814916611,1.893,0.0,
2025-10-06 22:35:18.125567674,,,220.0
2025-10-06 22:35:18.218988895,1.899,0.0,
2025-10-06 22:35:18.775589705,,,221.0
2025-10-06 22:35:18.623468637,1.906,0.0,
2025-10-06 22:35:19.029126883,1.908,0.0,
2025-10-06 22:35:19.305228949,,,222.0
2025-10-06 22:35:19.435476780,1.914,0.0,
2025-10-06 22:35:19.944986105,,,223.0
2025-10-06 22:35:19.838023663,1.92,0.0,
2025-10-06 22:35:20.247494936,1.924,0.0,
2025-10-06 22:35:20.475592375,,,224.0
2025-10-06 22:35:20.649993420,1.93,0.0,
2025-10-06 22:35:21.125592947,,,225.0
2025-10-06 22:35:21.066993237,1.937,0.0,
2025-10-06 22:35:21.665595055,,,226.0
2025-10-06 22:35:21.472402334,1.942,0.0,
2025-10-06 22:35:21.873127460,1.948,0.0,
2025-10-06 22:35:22.305009127,,,227.0
2025-10-06 22:35:22.274998426,1.955,0.0,
2025-10-06 22:35:22.875597477,,,228.0
2025-10-06 22:35:22.678158760,1.961,0.0,
2025-10-06 22:35:23.082005501,1.967,0.0,
2025-10-06 22:35:23.485833406,,,229.0
2025-10-06 22:35:23.486832857,1.975,0.0,
2025-10-06 22:35:23.890937328,1.981,0.0,
2025-10-06 22:35:24.095492840,,,230.0
2025-10-06 22:35:24.293477774,1.988,0.0,
2025-10-06 22:35:24.685304403,,,231.0
2025-10-06 22:35:24.698993206,1.995,0.0,
2025-10-06 22:35:25.105691910,2.001,0.0,
2025-10-06 22:35:25.315602541,,,232.0
2025-10-06 22:35:25.510346174,2.004,0.0,
2025-10-06 22:35:25.905861139,,,233.0
2025-10-06 22:35:25.915474653,2.011,0.0,
2025-10-06 22:35:26.320186138,2.022,0.0,
2025-10-06 22:35:26.544602633,,,234.0
2025-10-06 22:35:26.724605322,2.027,0.0,
2025-10-06 22:35:27.104603291,,,235.0
2025-10-06 22:35:27.129997968,2.028,0.0,
2025-10-06 22:35:27.534171580,2.031,0.0,
2025-10-06 22:35:27.744790554,,,236.0
2025-10-06 22:35:27.936395407,2.034,0.0,
2025-10-06 22:35:28.294605732,,,237.0
2025-10-06 22:35:28.342567444,2.04,0.0,
2025-10-06 22:35:28.934471130,,,238.0
2025-10-06 22:35:28.746994019,2.049,0.0,
2025-10-06 22:35:29.150208235,2.054,0.0,
2025-10-06 22:35:29.464482784,,,239.0
2025-10-06 22:35:29.556568146,2.06,0.0,
2025-10-06 22:35:30.104609251,,,240.0
2025-10-06 22:35:29.961985826,2.067,0.0,
2025-10-06 22:35:30.365759373,2.071,0.0,
2025-10-06 22:35:30.634456158,,,241.0
2025-10-06 22:35:30.769344330,2.075,0.0,
2025-10-06 22:35:31.284613609,,,242.0
2025-10-06 22:35:31.173468590,2.083,0.0,
2025-10-06 22:35:31.581740618,2.089,0.0,
2025-10-06 22:35:31.814613581,,,243.0
2025-10-06 22:35:31.986307621,2.095,0.0,
2025-10-06 22:35:32.454858303,,,244.0
2025-10-06 22:35:32.393468380,2.105,0.0,
2025-10-06 22:35:32.984581947,,,245.0
2025-10-06 22:35:32.799378157,2.111,0.0,
2025-10-06 22:35:33.202565432,2.116,0.0,
2025-10-06 22:35:33.624474049,,,246.0
2025-10-06 22:35:33.608980894,2.123,0.0,
2025-10-06 22:35:34.154617548,,,247.0
2025-10-06 22:35:34.012147665,2.128,0.0,
2025-10-06 22:35:34.415182114,2.133,0.0,
2025-10-06 22:35:34.795621634,,,248.0
2025-10-06 22:35:34.823472738,2.14,0.0,
2025-10-06 22:35:35.344619751,,,249.0
2025-10-06 22:35:35.230260372,2.145,0.0,
2025-10-06 22:35:35.634864569,2.151,0.0,
2025-10-06 22:35:35.974620581,,,250.0
2025-10-06 22:35:36.053968430,2.159,0.0,
2025-10-06 22:35:36.544622183,,,251.0
2025-10-06 22:35:36.459412336,2.167,0.0,
2025-10-06 22:35:36.865209341,2.171,0.0,
2025-10-06 22:35:37.154623747,,,252.0
2025-10-06 22:35:37.269866228,2.177,0.0,
2025-10-06 22:35:37.764624596,,,253.0
2025-10-06 22:35:37.675477266,2.183,0.0,
2025-10-06 22:35:38.083470106,2.187,0.0,
2025-10-06 22:35:38.354625463,,,254.0
2025-10-06 22:35:38.490026474,2.193,0.0,
2025-10-06 22:35:38.984880924,,,255.0
2025-10-06 22:35:38.906988621,2.201,0.0,
2025-10-06 22:35:39.312392235,2.208,0.0,
2025-10-06 22:35:39.554543257,,,256.0
2025-10-06 22:35:39.730365038,2.212,0.0,
2025-10-06 22:35:40.194502831,,,257.0
2025-10-06 22:35:40.135588408,2.218,0.0,
2025-10-06 22:35:40.724480152,,,258.0
2025-10-06 22:35:40.537987471,2.221,0.0,
2025-10-06 22:35:40.942466736,2.226,0.0,
2025-10-06 22:35:41.374707460,,,259.0
2025-10-06 22:35:41.347357750,2.235,0.0,
2025-10-06 22:35:41.904197454,,,260.0
2025-10-06 22:35:41.753899813,2.242,0.0,
2025-10-06 22:35:42.157896996,2.248,0.0,
2025-10-06 22:35:42.554632664,,,261.0
2025-10-06 22:35:42.563123703,2.257,0.0,
2025-10-06 22:35:43.124552965,,,262.0
2025-10-06 22:35:42.968996286,2.262,0.0,
2025-10-06 22:35:43.373621941,2.265,0.0,
2025-10-06 22:35:43.773895502,,,263.0
2025-10-06 22:35:43.785897255,2.271,0.0,
2025-10-06 22:35:44.324906588,,,264.0
2025-10-06 22:35:44.196906090,2.277,0.0,
2025-10-06 22:35:44.609908819,2.281,0.0,
2025-10-06 22:35:44.973915339,,,265.0
2025-10-06 22:35:45.017993689,2.288,0.0,
2025-10-06 22:35:45.504639626,,,266.0
2025-10-06 22:35:45.421746254,2.294,0.0,
2025-10-06 22:35:45.826324940,2.299,0.0,
2025-10-06 22:35:46.154206991,,,267.0
2025-10-06 22:35:46.236098289,2.306,0.0,
2025-10-06 22:35:46.683988810,,,268.0
2025-10-06 22:35:46.643698692,2.311,0.0,
2025-10-06 22:35:47.047973156,2.314,0.0,
2025-10-06 22:35:47.324643373,,,269.0
2025-10-06 22:35:47.452991962,2.32,0.0,
2025-10-06 22:35:47.854644537,,,270.0
2025-10-06 22:35:47.858181477,2.327,0.0,
2025-10-06 22:35:48.264289379,2.335,0.0,
2025-10-06 22:35:48.494645596,,,271.0
2025-10-06 22:35:48.666985035,2.339,0.0,
2025-10-06 22:35:49.034490585,,,272.0
2025-10-06 22:35:49.085543633,2.343,0.0,
2025-10-06 22:35:49.674480438,,,273.0
2025-10-06 22:35:49.488808393,2.347,0.0,
2025-10-06 22:35:49.895471811,2.355,0.0,
2025-10-06 22:35:50.234471083,,,274.0
2025-10-06 22:35:50.298989773,2.363,0.0,
2025-10-06 22:35:50.844650269,,,275.0
2025-10-06 22:35:50.705288887,2.372,0.0,
2025-10-06 22:35:51.121673107,2.377,0.0,
2025-10-06 22:35:51.444651604,,,276.0
2025-10-06 22:35:51.524407863,2.382,0.0,
2025-10-06 22:35:52.044652462,,,277.0
2025-10-06 22:35:51.928830147,2.388,0.0,
2025-10-06 22:35:52.344989300,2.394,0.0,
2025-10-06 22:35:52.664487600,,,278.0
2025-10-06 22:35:52.762995481,2.402,0.0,
2025-10-06 22:35:53.244154930,,,279.0
2025-10-06 22:35:53.165476322,2.408,0.0,
2025-10-06 22:35:53.567970276,2.414,0.0,
2025-10-06 22:35:53.884774208,,,280.0
2025-10-06 22:35:53.970714808,2.42,0.0,
2025-10-06 22:35:54.424982548,,,281.0
2025-10-06 22:35:54.375688076,2.426,0.0,
2025-10-06 22:35:54.780548334,2.429,0.0,
2025-10-06 22:35:55.064478397,,,282.0
2025-10-06 22:35:55.187172174,2.433,0.0,
2025-10-06 22:35:55.604606867,,,283.0
2025-10-06 22:35:55.588803530,2.438,0.0,
2025-10-06 22:35:55.994469881,2.441,0.0,
2025-10-06 22:35:56.244423151,,,284.0
2025-10-06 22:35:56.396182775,2.445,0.0,
2025-10-06 22:35:56.784125805,,,285.0
2025-10-06 22:35:56.803133249,2.452,0.0,
2025-10-06 22:35:57.209992647,2.46,0.0,
2025-10-06 22:35:57.434470177,,,286.0
2025-10-06 22:35:57.611696720,2.465,0.0,
2025-10-06 22:35:57.964679718,,,287.0
2025-10-06 22:35:58.016680240,2.473,0.0,
2025-10-06 22:35:58.604743004,,,288.0
2025-10-06 22:35:58.425987005,2.482,0.0,
2025-10-06 22:35:58.830562592,2.489,0.0,
2025-10-06 22:35:59.134474039,,,289.0
2025-10-06 22:35:59.236261606,2.495,0.0,
2025-10-06 22:35:59.784655809,,,290.0
2025-10-06 22:35:59.639442205,2.504,0.0,
2025-10-06 22:36:00.057670832,2.507,0.0,
2025-10-06 22:36:00.304668903,,,291.0
2025-10-06 22:36:00.462999582,2.514,0.0,
2025-10-06 22:36:00.954733610,,,292.0
2025-10-06 22:36:00.867499352,2.523,0.0,
2025-10-06 22:36:01.272396088,2.529,0.0,
2025-10-06 22:36:01.484005690,,,293.0
2025-10-06 22:36:01.675631285,2.534,0.0,
2025-10-06 22:36:02.135217428,,,294.0
2025-10-06 22:36:02.079773664,2.542,0.0,
2025-10-06 22:36:02.674675703,,,295.0
2025-10-06 22:36:02.483474731,2.546,0.0,
2025-10-06 22:36:02.887605190,2.55,0.0,
2025-10-06 22:36:03.304150581,,,296.0
2025-10-06 22:36:03.306148767,2.556,0.0,
2025-10-06 22:36:03.914468288,,,297.0
2025-10-06 22:36:03.712038755,2.563,0.0,
2025-10-06 22:36:04.114978313,2.567,0.0,
2025-10-06 22:36:04.544677019,,,298.0
2025-10-06 22:36:04.517374277,2.573,0.0,
2025-10-06 22:36:04.938053846,2.578,0.0,
2025-10-06 22:36:05.144755602,,,299.0
2025-10-06 22:36:05.339586973,2.584,0.0,
2025-10-06 22:36:05.764679432,,,300.0
2025-10-06 22:36:05.760817766,2.591,0.0,
2025-10-06 22:36:06.163909197,2.596,0.0,
2025-10-06 22:36:06.374680996,,,301.0
2025-10-06 22:36:06.569516659,2.601,0.0,
2025-10-06 22:36:06.974682331,,,302.0
2025-10-06 22:36:06.987214088,2.609,0.0,
2025-10-06 22:36:07.594479561,,,303.0
2025-10-06 22:36:07.393471479,2.616,0.0,
2025-10-06 22:36:07.800218582,2.621,0.0,
2025-10-06 22:36:08.174701929,,,304.0
2025-10-06 22:36:08.204988003,2.629,0.0,
2025-10-06 22:36:08.804685593,,,305.0
2025-10-06 22:36:08.609158754,2.634,0.0,
2025-10-06 22:36:09.017990828,2.639,0.0,
2025-10-06 22:36:09.354771376,,,306.0
2025-10-06 22:36:09.420136452,2.645,0.0,
2025-10-06 22:36:09.994475842,,,307.0
2025-10-06 22:36:09.839494228,2.652,0.0,
2025-10-06 22:36:10.245471954,2.655,0.0,
2025-10-06 22:36:10.534581184,,,308.0
2025-10-06 22:36:10.649986506,2.661,0.0,
2025-10-06 22:36:11.174690247,,,309.0
2025-10-06 22:36:11.054706335,2.668,0.0,
2025-10-06 22:36:11.472433805,2.672,0.0,
2025-10-06 22:36:11.704691410,,,310.0
2025-10-06 22:36:11.879506111,2.677,0.0,
2025-10-06 22:36:12.354661226,,,311.0
2025-10-06 22:36:12.284152269,2.685,0.0,
2025-10-06 22:36:12.884598017,,,312.0
2025-10-06 22:36:12.687329769,2.689,0.0,
2025-10-06 22:36:13.091965675,2.696,0.0,
2025-10-06 22:36:13.535017967,,,313.0
2025-10-06 22:36:13.496743679,2.704,0.0,
2025-10-06 22:36:14.064578772,,,314.0
2025-10-06 22:36:13.916387558,2.709,0.0,
2025-10-06 22:36:14.320173264,2.711,0.0,
2025-10-06 22:36:14.714697361,,,315.0
2025-10-06 22:36:14.724897623,2.718,0.0,
2025-10-06 22:36:15.234593868,,,316.0
2025-10-06 22:36:15.129470825,2.723,0.0,
2025-10-06 22:36:15.537327290,2.729,0.0,
2025-10-06 22:36:15.884328127,,,317.0
2025-10-06 22:36:15.946328402,2.736,0.0,
2025-10-06 22:36:16.414412737,,,318.0
2025-10-06 22:36:16.359415531,2.742,0.0,
2025-10-06 22:36:16.770581961,2.747,0.0,
2025-10-06 22:36:17.054702044,,,319.0
2025-10-06 22:36:17.178996801,2.753,0.0,
2025-10-06 22:36:17.604428768,,,320.0
2025-10-06 22:36:17.584362745,2.762,0.0,
2025-10-06 22:36:17.992991447,2.767,0.0,
2025-10-06 22:36:18.224022865,,,321.0
2025-10-06 22:36:18.406102180,2.77,0.0,
2025-10-06 22:36:18.804802418,,,322.0
2025-10-06 22:36:18.810988188,2.775,0.0,
2025-10-06 22:36:19.404196501,,,323.0
2025-10-06 22:36:19.217715025,2.779,0.0,
2025-10-06 22:36:19.622007132,2.783,0.0,
2025-10-06 22:36:20.034457922,,,324.0
2025-10-06 22:36:20.028486490,2.792,0.0,
2025-10-06 22:36:20.624708891,,,325.0
2025-10-06 22:36:20.433366537,2.799,0.0,
2025-10-06 22:36:20.836642027,2.804,0.0,
2025-10-06 22:36:21.264710188,,,326.0
2025-10-06 22:36:21.241175652,2.81,0.0,
2025-10-06 22:36:21.844711542,,,327.0
2025-10-06 22:36:21.646767616,2.818,0.0,
2025-10-06 22:36:22.049826860,2.83,0.0,
2025-10-06 22:36:22.484489679,,,328.0
2025-10-06 22:36:22.457994461,2.833,0.0,
2025-10-06 22:36:23.044713497,,,329.0
2025-10-06 22:36:22.862157583,2.836,0.0,
2025-10-06 22:36:23.265560150,2.84,0.0,
2025-10-06 22:36:23.684298754,,,330.0
2025-10-06 22:36:23.696996450,2.846,0.0,
2025-10-06 22:36:24.224715710,,,331.0
2025-10-06 22:36:24.102351904,2.853,0.0,
2025-10-06 22:36:24.506990194,2.859,0.0,
2025-10-06 22:36:24.864717245,,,332.0
2025-10-06 22:36:24.910468817,2.865,0.0,
2025-10-06 22:36:25.394804239,,,333.0
2025-10-06 22:36:25.312208414,2.87,0.0,
2025-10-06 22:36:25.718066692,2.875,0.0,
2025-10-06 22:36:26.044719934,,,334.0
2025-10-06 22:36:26.135653973,2.882,0.0,
2025-10-06 22:36:26.574720621,,,335.0
2025-10-06 22:36:26.538991928,2.888,0.0,
2025-10-06 22:36:26.943478346,2.893,0.0,
2025-10-06 22:36:27.224257469,,,336.0
2025-10-06 22:36:27.350471258,2.9,0.0,
2025-10-06 22:36:27.754501104,,,337.0
2025-10-06 22:36:27.754501104,2.906,0.0,
2025-10-06 22:36:28.165475607,2.913,0.0,
2025-10-06 22:36:28.404722929,,,338.0
2025-10-06 22:36:28.570310831,2.919,0.0,
2025-10-06 22:36:28.934631348,,,339.0
2025-10-06 22:36:28.988617897,2.926,0.0,
2025-10-06 22:36:29.584300756,,,340.0
2025-10-06 22:36:29.392468452,2.935,0.0,
2025-10-06 22:36:29.795469284,2.94,0.0,
2025-10-06 22:36:30.104121685,,,341.0
2025-10-06 22:36:30.203120947,2.947,0.0,
2025-10-06 22:36:30.754728794,,,342.0
2025-10-06 22:36:30.609402895,2.955,0.0,
2025-10-06 22:36:31.015533209,2.96,0.0,
2025-10-06 22:36:31.294730186,,,343.0
2025-10-06 22:36:31.419990540,2.965,0.0,
2025-10-06 22:36:31.934900761,,,344.0
2025-10-06 22:36:31.823471069,2.972,0.0,
2025-10-06 22:36:32.231153011,2.977,0.0,
2025-10-06 22:36:32.494934559,,,345.0
2025-10-06 22:36:32.635936260,2.985,0.0,
2025-10-06 22:36:33.104361296,,,346.0
2025-10-06 22:36:33.043479204,2.993,0.0,
2025-10-06 22:36:33.448781729,2.998,0.0,
2025-10-06 22:36:33.704771042,,,347.0
2025-10-06 22:36:33.853995800,3.003,0.0,
2025-10-06 22:36:34.304736614,,,348.0
2025-10-06 22:36:34.259829521,3.01,0.0,
2025-10-06 22:36:34.665989637,3.014,0.0,
2025-10-06 22:36:34.924736977,,,349.0
2025-10-06 22:36:35.069003105,3.017,0.0,
2025-10-06 22:36:35.504463672,,,350.0
2025-10-06 22:36:35.473470449,3.024,0.0,
2025-10-06 22:36:35.879832745,3.028,0.0,
2025-10-06 22:36:36.144739389,,,351.0
2025-10-06 22:36:36.286299467,3.033,0.0,
2025-10-06 22:36:36.684997320,,,352.0
2025-10-06 22:36:36.692466021,3.039,0.0,
2025-10-06 22:36:37.097986221,3.046,0.0,
2025-10-06 22:36:37.324741840,,,353.0
2025-10-06 22:36:37.502001047,3.05,0.0,
2025-10-06 22:36:37.854743242,,,354.0
2025-10-06 22:36:37.907037735,3.058,0.0,
2025-10-06 22:36:38.504368304,,,355.0
2025-10-06 22:36:38.309358597,3.066,0.0,
2025-10-06 22:36:38.710683346,3.071,0.0,
2025-10-06 22:36:39.034469843,,,356.0
2025-10-06 22:36:39.117010117,3.078,0.0,
2025-10-06 22:36:39.684313059,,,357.0
2025-10-06 22:36:39.520586252,3.085,0.0,
2025-10-06 22:36:39.941072226,3.091,0.0,
2025-10-06 22:36:40.214747429,,,358.0
2025-10-06 22:36:40.346499443,3.098,0.0,
2025-10-06 22:36:40.864748955,,,359.0
2025-10-06 22:36:40.748930216,3.104,0.0,
2025-10-06 22:36:41.155581713,3.109,0.0,
2025-10-06 22:36:41.394749641,,,360.0
2025-10-06 22:36:41.563987255,3.115,0.0,
2025-10-06 22:36:42.044751167,,,361.0
2025-10-06 22:36:41.970015049,3.123,0.0,
2025-10-06 22:36:42.564752102,,,362.0
2025-10-06 22:36:42.374470472,3.127,0.0,
2025-10-06 22:36:42.777993441,3.133,0.0,
2025-10-06 22:36:43.214836597,,,363.0
2025-10-06 22:36:43.180997610,3.14,0.0,
2025-10-06 22:36:43.744754076,,,364.0
2025-10-06 22:36:43.599080801,3.146,0.0,
2025-10-06 22:36:44.004003762,3.152,0.0,
2025-10-06 22:36:44.384012938,,,365.0
2025-10-06 22:36:44.409987688,3.16,0.0,
2025-10-06 22:36:44.944756985,,,366.0
2025-10-06 22:36:44.814480305,3.163,0.0,
2025-10-06 22:36:45.219060659,3.166,0.0,
2025-10-06 22:36:45.564478397,,,367.0
2025-10-06 22:36:45.625989676,3.173,0.0,
2025-10-06 22:36:46.154123545,,,368.0
2025-10-06 22:36:46.031324625,3.18,0.0,
2025-10-06 22:36:46.436229229,3.184,0.0,
2025-10-06 22:36:46.754760504,,,369.0
2025-10-06 22:36:46.840520620,3.19,0.0,
2025-10-06 22:36:47.374312401,,,370.0
2025-10-06 22:36:47.247007370,3.196,0.0,
2025-10-06 22:36:47.655096531,3.199,0.0,
2025-10-06 22:36:47.954094648,,,371.0
2025-10-06 22:36:48.067738771,3.204,0.0,
2025-10-06 22:36:48.584846020,,,372.0
2025-10-06 22:36:48.481739998,3.211,0.0,
2025-10-06 22:36:48.891633987,3.216,0.0,
2025-10-06 22:36:49.144983768,,,373.0
2025-10-06 22:36:49.296478748,3.223,0.0,
2025-10-06 22:36:49.785009861,,,374.0
2025-10-06 22:36:49.703360558,3.23,0.0,
2025-10-06 22:36:50.114101410,3.236,0.0,
2025-10-06 22:36:50.324229717,,,375.0
2025-10-06 22:36:50.525485516,3.244,0.0,
2025-10-06 22:36:50.964768410,,,376.0
2025-10-06 22:36:50.934070826,3.252,0.0,
2025-10-06 22:36:51.494281530,,,377.0
2025-10-06 22:36:51.339114666,3.259,0.0,
2025-10-06 22:36:51.740672112,3.264,0.0,
2025-10-06 22:36:52.144771576,,,378.0
2025-10-06 22:36:52.142214298,3.271,0.0,
2025-10-06 22:36:52.674772263,,,379.0
2025-10-06 22:36:52.548672676,3.275,0.0,
2025-10-06 22:36:52.956513166,3.278,0.0,
2025-10-06 22:36:53.324837446,,,380.0
2025-10-06 22:36:53.361004591,3.287,0.0,
2025-10-06 22:36:53.854773998,,,381.0
2025-10-06 22:36:53.769019365,3.293,0.0,
2025-10-06 22:36:54.175496817,3.298,0.0,
2025-10-06 22:36:54.494775772,,,382.0
2025-10-06 22:36:54.580001831,3.305,0.0,
2025-10-06 22:36:55.084344149,,,383.0
2025-10-06 22:36:54.985687017,3.313,0.0,
2025-10-06 22:36:55.391479015,3.318,0.0,
2025-10-06 22:36:55.734610796,,,384.0
2025-10-06 22:36:55.808061123,3.323,0.0,
2025-10-06 22:36:56.285113096,,,385.0
2025-10-06 22:36:56.215487719,3.329,0.0,
2025-10-06 22:36:56.621554613,3.333,0.0,
2025-10-06 22:36:56.934564114,,,386.0
2025-10-06 22:36:57.026470423,3.339,0.0,
2025-10-06 22:36:57.474781752,,,387.0
2025-10-06 22:36:57.430904865,3.346,0.0,
2025-10-06 22:36:57.835468769,3.352,0.0,
2025-10-06 22:36:58.114783049,,,388.0
2025-10-06 22:36:58.239733458,3.36,0.0,
2025-10-06 22:36:58.654096365,,,389.0
2025-10-06 22:36:58.649094343,3.364,0.0,
2025-10-06 22:36:59.056181431,3.368,0.0,
2025-10-06 22:36:59.294785261,,,390.0
2025-10-06 22:36:59.458907843,3.371,0.0,
2025-10-06 22:36:59.855000973,,,391.0
2025-10-06 22:36:59.865448475,3.377,0.0,
2025-10-06 22:37:00.269008398,3.384,0.0,
2025-10-06 22:37:00.474884748,,,392.0
2025-10-06 22:37:00.677032709,3.389,0.0,
2025-10-06 22:37:01.064982414,,,393.0
2025-10-06 22:37:01.081993580,3.393,0.0,
2025-10-06 22:37:01.664789677,,,394.0
2025-10-06 22:37:01.489259481,3.4,0.0,
2025-10-06 22:37:01.894483566,3.406,0.0,
2025-10-06 22:37:02.284993887,,,395.0
2025-10-06 22:37:02.297995806,3.416,0.0,
2025-10-06 22:37:02.874791622,,,396.0
2025-10-06 22:37:02.701273680,3.426,0.0,
2025-10-06 22:37:03.107261419,3.432,0.0,
2025-10-06 22:37:03.504793167,,,397.0
2025-10-06 22:37:03.510505915,3.437,0.0,
2025-10-06 22:37:04.065052747,,,398.0
2025-10-06 22:37:03.915699005,3.442,0.0,
2025-10-06 22:37:04.319249630,3.445,0.0,
2025-10-06 22:37:04.704880238,,,399.0
2025-10-06 22:37:04.722480297,3.45,0.0,
2025-10-06 22:37:05.234262943,,,400.0
2025-10-06 22:37:05.128978251,3.454,0.0,
2025-10-06 22:37:05.533472538,3.456,0.0,
2025-10-06 22:37:05.884080410,,,401.0
2025-10-06 22:37:05.937108278,3.463,0.0,
2025-10-06 22:37:06.414801359,,,402.0
2025-10-06 22:37:06.342470407,3.468,0.0,
2025-10-06 22:37:06.745865107,3.472,0.0,
2025-10-06 22:37:07.064986706,,,403.0
2025-10-06 22:37:07.148692369,3.478,0.0,
2025-10-06 22:37:07.594801426,,,404.0
2025-10-06 22:37:07.552751303,3.487,0.0,
2025-10-06 22:37:07.958515644,3.492,0.0,
2025-10-06 22:37:08.244262695,,,405.0
2025-10-06 22:37:08.364282608,3.497,0.0,
2025-10-06 22:37:08.774388552,,,406.0
2025-10-06 22:37:08.769390106,3.505,0.0,
2025-10-06 22:37:09.176484585,3.513,0.0,
2025-10-06 22:37:09.414921284,,,407.0
2025-10-06 22:37:09.587921381,3.521,0.0,
2025-10-06 22:37:09.944922924,,,408.0
2025-10-06 22:37:10.001922369,3.53,0.0,
2025-10-06 22:37:10.594316721,,,409.0
2025-10-06 22:37:10.412315369,3.537,0.0,
2025-10-06 22:37:10.821369886,3.54,0.0,
2025-10-06 22:37:11.114479780,,,410.0
2025-10-06 22:37:11.228260517,3.545,0.0,
2025-10-06 22:37:11.765115499,,,411.0
2025-10-06 22:37:11.635218382,3.551,0.0,
2025-10-06 22:37:12.039143562,3.553,0.0,
2025-10-06 22:37:12.304848433,,,412.0
2025-10-06 22:37:12.442993402,3.557,0.0,
2025-10-06 22:37:12.944811821,,,413.0
2025-10-06 22:37:12.846025944,3.563,0.0,
2025-10-06 22:37:13.251807928,3.568,0.0,
2025-10-06 22:37:13.514324664,,,414.0
2025-10-06 22:37:13.657997131,3.575,0.0,
2025-10-06 22:37:14.124814272,,,415.0
2025-10-06 22:37:14.060277224,3.584,0.0,
2025-10-06 22:37:14.465427160,3.59,0.0,
2025-10-06 22:37:14.744984388,,,416.0
2025-10-06 22:37:14.873468161,3.597,0.0,
2025-10-06 22:37:15.364765882,,,417.0
2025-10-06 22:37:15.277334929,3.604,0.0,
2025-10-06 22:37:15.680385828,3.607,0.0,
2025-10-06 22:37:15.984399557,,,418.0
2025-10-06 22:37:16.083469152,3.612,0.0,
2025-10-06 22:37:16.594818830,,,419.0
2025-10-06 22:37:16.488902569,3.62,0.0,
2025-10-06 22:37:16.892121315,3.626,0.0,
2025-10-06 22:37:17.214820385,,,420.0
2025-10-06 22:37:17.297461510,3.632,0.0,
2025-10-06 22:37:17.804544449,,,421.0
2025-10-06 22:37:17.704540730,3.639,0.0,
2025-10-06 22:37:18.110178471,3.642,0.0,
2025-10-06 22:37:18.434336424,,,422.0
2025-10-06 22:37:18.512228488,3.646,0.0,
2025-10-06 22:37:18.994895697,,,423.0
2025-10-06 22:37:18.930931807,3.651,0.0,
2025-10-06 22:37:19.336994410,3.657,0.0,
2025-10-06 22:37:19.634185314,,,424.0
2025-10-06 22:37:19.748187065,3.666,0.0,
2025-10-06 22:37:20.174717903,,,425.0
2025-10-06 22:37:20.161718130,3.673,0.0,
2025-10-06 22:37:20.573870182,3.68,0.0,
2025-10-06 22:37:20.824597597,,,426.0
2025-10-06 22:37:20.982381344,3.686,0.0,
2025-10-06 22:37:21.354828596,,,427.0
2025-10-06 22:37:21.400321722,3.694,0.0,
2025-10-06 22:37:21.994991779,,,428.0
2025-10-06 22:37:21.802995682,3.702,0.0,
2025-10-06 22:37:22.214121819,3.706,0.0,
2025-10-06 22:37:22.534485340,,,429.0
2025-10-06 22:37:22.622465849,3.71,0.0,
2025-10-06 22:37:23.184470892,,,430.0
2025-10-06 22:37:23.029246807,3.716,0.0,
2025-10-06 22:37:23.434475183,3.72,0.0,
2025-10-06 22:37:23.714658976,,,431.0
2025-10-06 22:37:23.852997303,3.726,0.0,
2025-10-06 22:37:24.364852905,,,432.0
2025-10-06 22:37:24.258222102,3.735,0.0,
2025-10-06 22:37:24.669852734,3.74,0.0,
2025-10-06 22:37:24.894835472,,,433.0
2025-10-06 22:37:25.074517012,3.747,0.0,
2025-10-06 22:37:25.534419775,,,434.0
2025-10-06 22:37:25.490443230,3.754,0.0,
2025-10-06 22:37:26.064837933,,,435.0
2025-10-06 22:37:25.897991657,3.758,0.0,
2025-10-06 22:37:26.299996853,3.764,0.0,
2025-10-06 22:37:26.714839220,,,436.0
2025-10-06 22:37:26.708091021,3.77,0.0,
2025-10-06 22:37:27.254934072,,,437.0
2025-10-06 22:37:27.113470793,3.775,0.0,
2025-10-06 22:37:27.529994965,3.779,0.0,
2025-10-06 22:37:27.894841671,,,438.0
2025-10-06 22:37:27.935411692,3.787,0.0,
2025-10-06 22:37:28.444842577,,,439.0
2025-10-06 22:37:28.338218689,3.795,0.0,
2025-10-06 22:37:28.745990515,3.801,0.0,
2025-10-06 22:37:29.064986229,,,440.0
2025-10-06 22:37:29.150773048,3.808,0.0,
2025-10-06 22:37:29.654844999,,,441.0
2025-10-06 22:37:29.557642221,3.815,0.0,
2025-10-06 22:37:29.965458632,3.818,0.0,
2025-10-06 22:37:30.254845857,,,442.0
2025-10-06 22:37:30.368461370,3.824,0.0,
2025-10-06 22:37:30.874846935,,,443.0
2025-10-06 22:37:30.772296906,3.831,0.0,
2025-10-06 22:37:31.178994179,3.837,0.0,
2025-10-06 22:37:31.454793930,,,444.0
2025-10-06 22:37:31.583473682,3.842,0.0,
2025-10-06 22:37:32.084572077,,,445.0
2025-10-06 22:37:31.986444235,3.848,0.0,
2025-10-06 22:37:32.392121077,3.852,0.0,
2025-10-06 22:37:32.634481668,,,446.0
2025-10-06 22:37:32.797601700,3.858,0.0,
2025-10-06 22:37:33.274852037,,,447.0
2025-10-06 22:37:33.201065779,3.868,0.0,
2025-10-06 22:37:33.604426384,3.873,0.0,
2025-10-06 22:37:33.814852953,,,448.0
2025-10-06 22:37:34.007670164,3.88,0.0,
2025-10-06 22:37:34.454854250,,,449.0
2025-10-06 22:37:34.410989285,3.888,0.0,
2025-10-06 22:37:34.816479445,3.893,0.0,
2025-10-06 22:37:35.034478426,,,450.0
2025-10-06 22:37:35.223470688,3.897,0.0,
2025-10-06 22:37:35.684444666,,,451.0
2025-10-06 22:37:35.639203072,3.904,0.0,
2025-10-06 22:37:36.224984884,,,452.0
2025-10-06 22:37:36.041992188,3.91,0.0,
2025-10-06 22:37:36.446351528,3.914,0.0,
2025-10-06 22:37:36.875102520,,,453.0
2025-10-06 22:37:36.852780819,3.919,0.0,
2025-10-06 22:37:37.404509068,,,454.0
2025-10-06 22:37:37.255979300,3.924,0.0,
2025-10-06 22:37:37.663476467,3.929,0.0,
2025-10-06 22:37:38.055121183,,,455.0
2025-10-06 22:37:38.069130182,3.938,0.0,
2025-10-06 22:37:38.585070372,,,456.0
2025-10-06 22:37:38.473475695,3.945,0.0,
2025-10-06 22:37:38.877155781,3.949,0.0,
2025-10-06 22:37:39.245864630,,,457.0
2025-10-06 22:37:39.292466640,3.954,0.0,
2025-10-06 22:37:39.765653849,,,458.0
2025-10-06 22:37:39.695493698,3.96,0.0,
2025-10-06 22:37:40.101370096,3.964,0.0,
2025-10-06 22:37:40.415934801,,,459.0
2025-10-06 22:37:40.504985094,3.972,0.0,
2025-10-06 22:37:40.945868254,,,460.0
2025-10-06 22:37:40.909484625,3.979,0.0,
2025-10-06 22:37:41.313469172,3.983,0.0,
2025-10-06 22:37:41.585479021,,,461.0
2025-10-06 22:37:41.722874641,3.991,0.0,
2025-10-06 22:37:42.135698795,,,462.0
2025-10-06 22:37:42.128310680,3.998,0.0,
2025-10-06 22:37:42.534479141,4.004,0.0,
2025-10-06 22:37:42.765820503,,,463.0
2025-10-06 22:37:42.939002991,4.01,0.0,
2025-10-06 22:37:43.335010767,,,464.0
2025-10-06 22:37:43.341514826,4.017,0.0,
2025-10-06 22:37:43.944982767,,,465.0
2025-10-06 22:37:43.747471094,4.022,0.0,
2025-10-06 22:37:44.151787281,4.027,0.0,
2025-10-06 22:37:44.554874182,,,466.0
2025-10-06 22:37:44.555884600,4.033,0.0,
2025-10-06 22:37:45.145876408,,,467.0
2025-10-06 22:37:44.961421251,4.039,0.0,
2025-10-06 22:37:45.365665197,4.042,0.0,
2025-10-06 22:37:45.775879860,,,468.0
2025-10-06 22:37:45.770784616,4.05,0.0,
2025-10-06 22:37:46.345990658,,,469.0
2025-10-06 22:37:46.177472115,4.057,0.0,
2025-10-06 22:37:46.584473848,4.063,0.0,
2025-10-06 22:37:46.985473394,,,470.0
2025-10-06 22:37:47.016005993,4.068,0.0,
2025-10-06 22:37:47.525881289,,,471.0
2025-10-06 22:37:47.420886040,4.073,0.0,
2025-10-06 22:37:47.825467348,4.078,0.0,
2025-10-06 22:37:48.175786972,,,472.0
2025-10-06 22:37:48.231401920,4.086,0.0,
2025-10-06 22:37:48.714476347,,,473.0
2025-10-06 22:37:48.638159275,4.093,0.0,
2025-10-06 22:37:49.040286779,4.098,0.0,
2025-10-06 22:37:49.354696512,,,474.0
2025-10-06 22:37:49.442354441,4.105,0.0,
2025-10-06 22:37:49.884478092,,,475.0
2025-10-06 22:37:49.847924232,4.111,0.0,
2025-10-06 22:37:50.256006479,4.114,0.0,
2025-10-06 22:37:50.534545660,,,476.0
2025-10-06 22:37:50.662467480,4.119,0.0,
2025-10-06 22:37:51.064446688,,,477.0
2025-10-06 22:37:51.075446844,4.125,0.0,
2025-10-06 22:37:51.484869957,4.132,0.0,
2025-10-06 22:37:51.715188026,,,478.0
2025-10-06 22:37:51.893187046,4.138,0.0,
2025-10-06 22:37:52.244710445,,,479.0
2025-10-06 22:37:52.304710388,4.142,0.0,
2025-10-06 22:37:52.894590616,,,480.0
2025-10-06 22:37:52.716160774,4.149,0.0,
2025-10-06 22:37:53.124473095,4.153,0.0,
2025-10-06 22:37:53.424891710,,,481.0
2025-10-06 22:37:53.528186798,4.16,0.0,
2025-10-06 22:37:54.065999508,,,482.0
2025-10-06 22:37:53.933983803,4.166,0.0,
2025-10-06 22:37:54.347000360,4.171,0.0,
2025-10-06 22:37:54.635896206,,,483.0
2025-10-06 22:37:54.768154621,4.178,0.0,
2025-10-06 22:37:55.275897503,,,484.0
2025-10-06 22:37:55.199449539,4.187,0.0,
2025-10-06 22:37:55.607914925,4.192,0.0,
2025-10-06 22:37:55.835639954,,,485.0
2025-10-06 22:37:56.013229847,4.198,0.0,
2025-10-06 22:37:56.475976229,,,486.0
2025-10-06 22:37:56.421627283,4.203,0.0,
2025-10-06 22:37:56.824474335,4.208,0.0,
2025-10-06 22:37:57.045900345,,,487.0
2025-10-06 22:37:57.231260061,4.213,0.0,
2025-10-06 22:37:57.675902128,,,488.0
2025-10-06 22:37:57.648907185,4.221,0.0,
2025-10-06 22:37:58.054466724,4.227,0.0,
2025-10-06 22:37:58.265991926,,,489.0
2025-10-06 22:37:58.460213900,4.233,0.0,
2025-10-06 22:37:58.886043310,,,490.0
2025-10-06 22:37:58.866070986,4.242,0.0,
2025-10-06 22:37:59.271976471,4.247,0.0,
2025-10-06 22:37:59.485614538,,,491.0
2025-10-06 22:37:59.675469160,4.249,0.0,
2025-10-06 22:38:00.095907211,,,492.0
2025-10-06 22:38:00.083473682,4.255,0.0,
2025-10-06 22:38:00.487746954,4.261,0.0,
2025-10-06 22:38:00.715876102,,,493.0
2025-10-06 22:38:00.890990496,4.267,0.0,
2025-10-06 22:38:01.315585136,,,494.0
2025-10-06 22:38:01.295616150,4.274,0.0,
2025-10-06 22:38:01.702831507,4.282,0.0,
2025-10-06 22:38:01.945909262,,,495.0
2025-10-06 22:38:02.120148659,4.29,0.0,
2025-10-06 22:38:02.515911817,,,496.0
2025-10-06 22:38:02.537870646,4.297,0.0,
2025-10-06 22:38:03.145836353,,,497.0
2025-10-06 22:38:02.956233263,4.305,0.0,
2025-10-06 22:38:03.362946749,4.308,0.0,
2025-10-06 22:38:03.695914268,,,498.0
2025-10-06 22:38:03.764607191,4.311,0.0,
2025-10-06 22:38:04.335065603,,,499.0
2025-10-06 22:38:04.169512272,4.317,0.0,
2025-10-06 22:38:04.574064970,4.322,0.0,
2025-10-06 22:38:04.884330988,,,500.0
2025-10-06 22:38:05.524431705,,,501.0
